,IGHV1-17,IGHV1-18,IGHV1-2,IGHV1-24,IGHV1-3,IGHV1-45,IGHV1-46,IGHV1-58,IGHV1-67,IGHV1-69,IGHV1-69-2,IGHV1-8,IGHV2-10,IGHV2-26,IGHV2-5,IGHV2-70,IGHV3-11,IGHV3-13,IGHV3-15,IGHV3-20,IGHV3-21,IGHV3-22,IGHV3-23,IGHV3-30,IGHV3-30-3,IGHV3-33,IGHV3-35,IGHV3-38,IGHV3-41,IGHV3-43,IGHV3-43D,IGHV3-48,IGHV3-49,IGHV3-52,IGHV3-53,IGHV3-64,IGHV3-64D,IGHV3-66,IGHV3-69-1,IGHV3-7,IGHV3-71,IGHV3-72,IGHV3-73,IGHV3-74,IGHV3-9,IGHV4-28,IGHV4-30-2,IGHV4-30-4,IGHV4-31,IGHV4-34,IGHV4-38-2,IGHV4-39,IGHV4-4,IGHV4-55,IGHV4-59,IGHV4-61,IGHV4-80,IGHV4/OR15-8,IGHV5-10-1,IGHV5-51,IGHV6-1,IGHV7-4-1,IGHV7-81
IGHV6-1,0.49691591190797957,0.46875,0.4862734816286729,0.45607550088619203,0.49080782417623736,0.4660237066035941,0.5166325629440385,0.46388888888888896,0.48888888888888893,0.5087735276259866,0.4500910746812386,0.49731732631117254,0.5357012750455373,0.5547358834244079,0.583413565790615,0.5429630269170951,0.43333333333333335,0.4277777777777778,0.46560846560846564,0.4388888888888889,0.44192708333333336,0.45591985428051,0.444489247311828,0.4658730158730159,0.4611111111111112,0.45694444444444454,0.44117144808743175,0.4444444444444445,0.45591985428051,0.4277777777777778,0.43611111111111117,0.4482539682539683,0.42663139329806005,0.4529143897996357,0.45089590272172586,0.43907103825136606,0.48148148148148145,0.43611111111111117,0.4476190476190476,0.44508196721311477,0.45591985428051,0.41944444444444445,0.43611111111111117,0.42537568306010926,0.44055555555555553,0.58131402158372,0.5722222222222222,0.5722222222222221,0.5847222222222221,0.6096603515958355,0.5569438731874834,0.5921545201115094,0.6047943148507224,0.5952508960573476,0.5973652371973367,0.5918762572573859,0.5888888888888889,0.6172219284329278,0.5658815298507462,0.5549278127503074,0.0,0.4531746031746031,0.4531746031746032
IGHV4-4,0.5936457197607956,0.5973025489807381,0.6109420601094703,0.561875069457585,0.6035075705013262,0.5802639838768296,0.6081157660392633,0.5706627680311893,0.5486177915739666,0.627147094562101,0.5910694816136385,0.5918068082950628,0.5730994152046783,0.6242017879948913,0.627188781340324,0.5904032110928664,0.49447693307342433,0.5073936883537906,0.48895285087719287,0.4996751137102014,0.5176683752204585,0.4707602339181286,0.5080149188708156,0.5071408680431237,0.5068226120857701,0.49805068226120863,0.4658869395711501,0.5033625730994152,0.4707602339181286,0.47499495866102026,0.47660818713450287,0.4968258076886204,0.4998630584880177,0.4969108269732712,0.4931533040153163,0.5011208576998052,0.5068226120857701,0.49166666666666664,0.5055281432748538,0.4936986446762249,0.4707602339181286,0.5035423808563554,0.49805068226120863,0.47551169590643266,0.47816021535319775,0.9512670565302143,0.9571150097465887,0.9483430799220272,0.9356725146198832,0.9426034221355858,0.918345245830626,0.9209443361490144,0.0,0.9590643274853802,0.9345029239766081,0.9479253689780004,0.9337231968810915,0.95906432748538,0.5424562201008724,0.5460607608020384,0.5930966044486228,0.587979482604817,0.5802639838768296
IGHV1-17,0.0,0.7302631578947367,0.7797270955165692,0.7440191387559808,0.7751196172248804,0.7807017543859649,0.665204678362573,0.7171052631578947,0.6578947368421053,0.7212475633528266,0.7280701754385965,0.7660818713450293,0.4814814814814815,0.48684210526315785,0.4620198124621899,0.4505228588713162,0.5073073781277664,0.5425287356321838,0.5484970828591057,0.5087719298245615,0.5551530748861979,0.5210526315789474,0.5463551119177253,0.5168568193023542,0.5236842105263158,0.5153137079988106,0.530248033877798,0.5405550514216576,0.5210526315789474,0.518421052631579,0.5087719298245614,0.5351274198427103,0.5164606431332568,0.5175438596491229,0.5259307813814581,0.5104651998849583,0.5415910465819721,0.5190789473684211,0.5412129461584996,0.5328435103331187,0.5210526315789474,0.521551724137931,0.5,0.5121737168463651,0.5433015728977617,0.6045197740112994,0.5932203389830508,0.568539994052929,0.5889830508474576,0.5988171936432418,0.6054613935969868,0.5839032609773018,0.5936457197607956,0.597457627118644,0.5606898602438298,0.5892697846310692,0.5932203389830508,0.614406779661017,0.5019067796610169,0.4935758923566209,0.48302261617967596,0.7719298245614035,0.7456140350877193
IGHV3-48,0.5351274198427103,0.5482153660012099,0.5018945408849743,0.4460600560963538,0.5144640784789668,0.4614035087719298,0.557873563218391,0.544000584453536,0.5785875706214689,0.5659778925151373,0.472280701754386,0.5199774780037093,0.46877192982456134,0.43447814451382694,0.4575815163081362,0.4011998807800274,0.9157894736842106,0.9315789473684211,0.8973684210526315,0.9333333333333332,0.8850877192982457,0.8666666666666668,0.8956140350877193,0.875187969924812,0.8929824561403507,0.8807017543859649,0.9052631578947368,0.9263157894736842,0.8666666666666668,0.8947368421052632,0.9315789473684211,0.0,0.8982456140350876,0.9157894736842105,0.9061865189289009,0.9099999999999999,0.8619883040935671,0.9421052631578947,0.9298245614035088,0.9298245614035089,0.8666666666666668,0.917543859649123,0.9421052631578947,0.9184210526315788,0.8838596491228068,0.49627734306559684,0.4943917169974116,0.49020856267293444,0.5025510001685956,0.49550721398472003,0.5198787086374731,0.5081869141165205,0.5141713195746102,0.5058165481538783,0.5154299683635318,0.5065620523893113,0.5033877797943134,0.5172413793103449,0.5137331200590607,0.4920130542604319,0.43634920634920643,0.5104053236539625,0.49292196007259526
IGHV3-15,0.5430902468034493,0.5371218995765276,0.5022974549497975,0.4526097440571126,0.511847604905681,0.44956140350877194,0.5467006786154945,0.5369139443436177,0.5725409836065574,0.5422439950050735,0.47631578947368425,0.5358846227590836,0.4891107078039927,0.46888661202185794,0.4857752732240437,0.4479256465517241,0.9108187134502925,0.881578947368421,0.0,0.9254385964912281,0.8399122807017544,0.868421052631579,0.8848684210526315,0.87531328320802,0.8903508771929824,0.881578947368421,0.9298245614035088,0.9166666666666666,0.868421052631579,0.8815789473684211,0.9210526315789473,0.8973684210526315,0.8903508771929826,0.9078947368421053,0.8995844875346258,0.9023026315789473,0.8450292397660818,0.9342105263157894,0.8728070175438596,0.8852339181286549,0.868421052631579,0.8991228070175439,0.9342105263157894,0.9046052631578947,0.8710526315789473,0.4584029518240044,0.462719298245614,0.462719298245614,0.46887776080827065,0.46258442242259545,0.5139190662588372,0.47241294787895655,0.47932259243538955,0.4682017543859649,0.4836252741228071,0.47214912280701743,0.4710115131578947,0.4692982456140351,0.47844827586206895,0.4657784981783171,0.46560846560846564,0.5184210526315789,0.48011191772534784
IGHV3-69-1,0.5412129461584997,0.5492664851784634,0.5119546951670364,0.44979441812472665,0.5155626134301271,0.4606775559588627,0.5686781609195403,0.5625,0.55,0.5724983375256599,0.4833333333333334,0.542383199361746,0.4649122807017544,0.4627732240437159,0.4815241228070175,0.4198950766747377,0.8859649122807016,0.9298245614035088,0.8728070175438596,0.9035087719298245,0.9473684210526316,0.8333333333333333,0.8508771929824561,0.844611528822055,0.8596491228070176,0.8508771929824561,0.8859649122807017,0.8859649122807017,0.8333333333333333,0.8596491228070176,0.894736842105263,0.9298245614035088,0.8771929824561404,0.8859649122807017,0.876731301939058,0.8809210526315789,0.8391812865497075,0.9122807017543859,0.0,0.9385964912280702,0.8333333333333333,0.894736842105263,0.9122807017543859,0.888157894736842,0.8543859649122807,0.5206331260599208,0.5204918032786885,0.5180584016393442,0.5328928773318259,0.5264368349840275,0.5445883188870047,0.5300517005841342,0.5359883817109038,0.5373092142453363,0.5419928526623228,0.5397117015262861,0.5242456896551724,0.5459299039005088,0.5149802148106275,0.49575677463868834,0.43769841269841275,0.5128554143980641,0.49546279491833034
IGHV1-18,0.730263157894737,0.0,0.8810916179337231,0.8335326953748008,0.8742025518341308,0.8793859649122806,0.7624269005847953,0.8525219298245614,0.7675438596491228,0.8121345029239766,0.8333333333333333,0.8852339181286549,0.518337870538415,0.4780701754385964,0.4706735859044162,0.45645363408521306,0.572897761645493,0.5894396551724138,0.5727641127585181,0.5790481952006452,0.5748922413793103,0.5194721718088324,0.6053847588360146,0.570299671592775,0.576470810647308,0.5926724137931034,0.5570572764465225,0.5746748336358136,0.5194721718088324,0.6044467173193064,0.5924167153711279,0.577775257108288,0.5761596788581623,0.5719223907225691,0.5483490941509854,0.5461576939097319,0.5707677959265981,0.5660352389594676,0.5705724440411373,0.5919048912950602,0.5194721718088324,0.5570364488808227,0.591594827586207,0.5724298623714459,0.5903557924984877,0.5843121221131926,0.5723684210526316,0.5723684210526316,0.5732140202200415,0.5926230542425288,0.5933772755806656,0.588115769650114,0.5984746602935028,0.575657894736842,0.5993736990782039,0.5884520623592879,0.5981266726137378,0.602345376152245,0.49499504810413125,0.4762761194950197,0.46875,0.9144736842105263,0.9144736842105263
IGHV3-11,0.5073073781277664,0.5358187134502924,0.48040713511813815,0.43115364167995746,0.49180906812485764,0.4444444444444444,0.5295338441890166,0.5402777777777777,0.5499999999999999,0.5345781220913041,0.4502923976608188,0.5000446842771465,0.4795321637426901,0.45564663023679414,0.45300186942766746,0.3942898143583,0.0,0.9035087719298245,0.9108187134502925,0.9473684210526316,0.8464912280701755,0.8596491228070176,0.8903508771929824,0.8989139515455304,0.915204678362573,0.9108187134502922,0.912280701754386,0.9298245614035087,0.8596491228070176,0.9064327485380116,0.9444444444444445,0.9157894736842105,0.9181286549707602,0.9298245614035089,0.9193598030163127,0.9236842105263158,0.8791423001949318,0.956140350877193,0.8859649122807017,0.9015594541910331,0.8596491228070176,0.9210526315789473,0.956140350877193,0.9254385964912281,0.8619883040935672,0.4678362573099415,0.4619883040935672,0.4619883040935673,0.47309941520467835,0.4749837556855101,0.48620006807141297,0.4808317089018843,0.4944769330734243,0.4795321637426901,0.5045119983867715,0.48955722639933164,0.4795321637426901,0.49707602339181295,0.5012603347449082,0.46950710108604854,0.43333333333333335,0.5,0.47953216374269
IGHV5-51,0.49068752389448195,0.4762761194950197,0.5012531328320803,0.5082219655722378,0.4675403241646435,0.4837092731829574,0.5710180623973727,0.41416040100250623,0.47783251231527096,0.5058815621429051,0.5233558033013569,0.502304612104975,0.5966018201552977,0.5403885993982065,0.5878340989172781,0.5731706268656873,0.513136288998358,0.4901477832512315,0.47888391747647213,0.5016420361247947,0.5105974788784711,0.5049261083743842,0.5282887687512176,0.49357383606800254,0.5073891625615763,0.48998574021260044,0.47900420249923464,0.5266761292477249,0.5049261083743842,0.49773859937199316,0.5073891625615764,0.523695416214411,0.4695071010860484,0.5246305418719212,0.487659711893163,0.49725430025034323,0.4937379978291726,0.5061576354679803,0.5315510642710357,0.4886569872958257,0.5049261083743842,0.5,0.5160098522167488,0.4964836660617059,0.5020309394175093,0.5740384123333163,0.5686221171223339,0.570371245347746,0.5839678309893234,0.5853660305445688,0.562166373979728,0.5868319733197229,0.5738305717180548,0.568622117122334,0.5682800748926482,0.5864016080324697,0.5824496952492277,0.5840313557975366,0.9598997493734337,0.0,0.5681650789829653,0.469298245614035,0.4887218045112781
IGHV3-13,0.5425287356321838,0.5526315789473684,0.49301219149568837,0.43628389154704944,0.4995458600275727,0.47368421052631576,0.5814176245210727,0.5013157894736842,0.5552631578947369,0.5459994174452734,0.4385964912280702,0.520165355918532,0.4473684210526315,0.44999999999999996,0.4436295657175726,0.3825814536340852,0.9035087719298246,0.0,0.881578947368421,0.9239766081871346,0.8903508771929824,0.8508771929824561,0.868421052631579,0.8609022556390977,0.8771929824561403,0.8771929824561404,0.8859649122807017,0.9035087719298246,0.8508771929824561,0.8859649122807017,0.912280701754386,0.9315789473684211,0.8859649122807017,0.9035087719298245,0.8928901200369344,0.8980263157894737,0.8567251461988303,0.9298245614035088,0.9298245614035087,0.9444444444444443,0.8508771929824561,0.912280701754386,0.9298245614035088,0.9057017543859649,0.868421052631579,0.48850574712643685,0.4827586206896552,0.4827586206896552,0.5079847371396269,0.5052760504993405,0.5320380707870108,0.5111173921236103,0.5073936883537908,0.5,0.506223285035653,0.49876847290640397,0.5,0.5172413793103449,0.4780701754385965,0.4461152882205513,0.42777777777777776,0.5263157894736842,0.5087719298245614
IGHV7-4-1,0.7719298245614035,0.9144736842105263,0.9473684210526316,0.8883572567783095,0.9218500797448166,0.9122807017543859,0.7997076023391813,0.8991228070175438,0.7894736842105263,0.8499025341130603,0.8771929824561403,0.9298245614035087,0.5086206896551724,0.47368421052631576,0.4649122807017544,0.44736842105263147,0.543103448275862,0.5689655172413793,0.5625,0.5574712643678161,0.560827680422084,0.5333333333333333,0.5775862068965517,0.5426794799321651,0.543103448275862,0.5603448275862069,0.5344827586206896,0.5388687235329704,0.5333333333333333,0.5787193973634652,0.559322033898305,0.5448275862068965,0.5616760828625236,0.5423728813559322,0.5117410131499348,0.5131430186546071,0.5722222222222223,0.530248033877798,0.5344827586206896,0.557471264367816,0.5333333333333333,0.5258620689655172,0.560344827586207,0.5406061850027366,0.5678160919540229,0.5861334126276142,0.5701754385964912,0.5701754385964912,0.5735206660719596,0.5933830574553144,0.6151419037235272,0.5915956322066936,0.587979482604817,0.5701754385964912,0.5680344930121916,0.5820271016524361,0.6016949152542372,0.6028843294677371,0.4649122807017544,0.46616541353383445,0.46631944444444445,0.0,0.9298245614035088
IGHV3-35,0.530248033877798,0.5196253345227475,0.49129528802850037,0.4452978056426333,0.4783878030978833,0.4827586206896552,0.5456896551724139,0.5458333333333333,0.5573770491803278,0.5185185185185186,0.4666666666666667,0.5170465614650303,0.46551724137931033,0.44166666666666665,0.47544178565133083,0.42607048124289504,0.912280701754386,0.8859649122807017,0.9298245614035088,0.9298245614035089,0.8552631578947368,0.9122807017543859,0.9057017543859649,0.8721804511278196,0.8859649122807017,0.8771929824561404,0.0,0.9298245614035088,0.9122807017543859,0.8947368421052632,0.9210526315789473,0.9052631578947368,0.8947368421052632,0.9122807017543859,0.9030470914127422,0.906578947368421,0.847953216374269,0.9385964912280702,0.8859649122807017,0.9064327485380117,0.9122807017543859,0.9035087719298245,0.9385964912280702,0.9078947368421053,0.8456140350877192,0.4444444444444444,0.45614035087719296,0.45614035087719296,0.45614035087719296,0.4562603088918878,0.4896029246906439,0.442495126705653,0.4658869395711501,0.4649122807017544,0.4798245614035087,0.46616541353383456,0.43859649122807015,0.45614035087719296,0.44781445138269405,0.42109511065800087,0.44117144808743175,0.5344827586206896,0.45614035087719296
IGHV3-52,0.5175438596491229,0.5719223907225691,0.5243879472693033,0.4290271132376395,0.5245492390452248,0.5084745762711864,0.5668582375478927,0.5399717514124294,0.5833333333333334,0.5740083101665022,0.43859649122807015,0.5310734463276836,0.47368421052631576,0.45833333333333337,0.46027356526910496,0.4358353510895884,0.9298245614035089,0.9035087719298245,0.9078947368421053,0.9473684210526315,0.8464912280701754,0.8947368421052632,0.8903508771929824,0.8872180451127818,0.9035087719298245,0.8947368421052632,0.9122807017543859,0.9298245614035088,0.8947368421052632,0.9005847953216374,0.9385964912280702,0.9157894736842105,0.912280701754386,0.0,0.9196675900277008,0.9407894736842105,0.8654970760233919,0.956140350877193,0.8859649122807017,0.9005847953216374,0.8947368421052632,0.9210526315789473,0.956140350877193,0.9254385964912282,0.8631578947368421,0.4619883040935672,0.45614035087719296,0.45614035087719296,0.45614035087719296,0.47553441041398226,0.5012200935483718,0.47563352826510713,0.4969108269732712,0.47368421052631576,0.49824561403508766,0.4837092731829574,0.47368421052631576,0.49122807017543857,0.5128554143980641,0.48120300751879697,0.4388888888888889,0.5423728813559322,0.5254237288135594
IGHV3-33,0.5153137079988106,0.5559210526315789,0.48705107873261316,0.44881207721498106,0.4890313868904413,0.46491228070175433,0.5347752182651844,0.5212090163934426,0.5473360655737705,0.5456993877573884,0.45833333333333337,0.4896904617866505,0.4780701754385965,0.45564516129032256,0.4555272313959585,0.3996944894656509,0.9108187134502922,0.8771929824561404,0.881578947368421,0.9122807017543858,0.8179824561403509,0.8245614035087718,0.8558114035087718,0.9573934837092732,0.9736842105263157,0.0,0.8771929824561404,0.8947368421052632,0.8245614035087718,0.8903508771929823,0.9210526315789473,0.8807017543859649,0.8888888888888888,0.8947368421052632,0.8866574330563248,0.8894736842105263,0.8362573099415206,0.9210526315789473,0.8508771929824561,0.8706140350877192,0.8245614035087718,0.8859649122807017,0.9210526315789473,0.8930921052631579,0.8293859649122807,0.47076023391812855,0.4649122807017544,0.4649122807017544,0.4759868421052631,0.47855750487329424,0.51772165456376,0.4824561403508771,0.4980506822612085,0.4824561403508772,0.5070175438596491,0.4924812030075187,0.48245614035087714,0.5,0.49981094978826374,0.4680451127819548,0.45694444444444454,0.5175438596491229,0.5
IGHV3-30,0.5168568193023543,0.5332080200501254,0.4914093490649844,0.4413425416052372,0.4916134025410412,0.45516134085213034,0.5452771272443403,0.5167642466822796,0.5559142782796179,0.5553421417299864,0.4684251612638152,0.48776791706041067,0.4761515858612047,0.4463933167132533,0.45441933884447155,0.4100547539129666,0.8989139515455304,0.8609022556390977,0.87531328320802,0.9047619047619048,0.8063909774436091,0.8170426065162907,0.8486842105263158,0.0,0.9711779448621555,0.9573934837092731,0.8721804511278196,0.8872180451127818,0.8170426065162907,0.8763575605680869,0.913533834586466,0.875187969924812,0.869674185463659,0.8872180451127818,0.8806226091544651,0.8821428571428572,0.8287385129490393,0.9135338345864661,0.844611528822055,0.8654970760233919,0.8170426065162907,0.8859649122807017,0.9135338345864661,0.8862781954887218,0.8235588972431078,0.482515813342881,0.47833870390261374,0.47607113020646846,0.49106396944742803,0.4910086061715134,0.5223739038275379,0.4946234634204559,0.5071408680431237,0.4945100847356486,0.5084258264709393,0.5009462431589177,0.4931376059195608,0.5094283327366035,0.492978134992654,0.4631524331409638,0.46587301587301577,0.5056904556473151,0.47619047619047616
IGHV3-73,0.5,0.5548245614035088,0.48427330095483523,0.4377990430622009,0.49068134511934686,0.4649122807017544,0.5299329501915709,0.49956140350877193,0.5666666666666667,0.5338531513970112,0.4473684210526316,0.4824561403508772,0.48245614035087714,0.44999999999999996,0.4570498993385102,0.40664585431923506,0.956140350877193,0.9298245614035088,0.9342105263157895,0.9736842105263158,0.8728070175438597,0.8859649122807017,0.9144736842105263,0.9135338345864661,0.9298245614035088,0.9210526315789473,0.9385964912280702,0.9561403508771928,0.8859649122807017,0.9327485380116959,0.9649122807017543,0.9421052631578947,0.9385964912280702,0.956140350877193,0.9459833795013848,0.9493421052631579,0.8918128654970761,0.9824561403508771,0.9122807017543859,0.9298245614035087,0.8859649122807017,0.9473684210526316,0.0,0.9517543859649122,0.8859649122807017,0.47076023391812866,0.4649122807017544,0.46491228070175433,0.47598684210526315,0.47563352826510713,0.4828274389677898,0.48440545808966856,0.49805068226120863,0.4824561403508772,0.5070175438596491,0.4924812030075188,0.48245614035087714,0.5,0.4889594676346037,0.4724310776942356,0.43611111111111106,0.5175438596491229,0.5
IGHV3-72,0.521551724137931,0.5197368421052632,0.5036684143308463,0.47544772537826163,0.5090496617719849,0.4913793103448276,0.5384578544061303,0.5375000000000001,0.5583333333333333,0.5652363062711423,0.4701198129748685,0.5362600722422896,0.4957627118644068,0.4309227921734532,0.47131147540983603,0.4481264637002341,0.9210526315789473,0.912280701754386,0.8991228070175439,0.9385964912280702,0.8552631578947368,0.8508771929824561,0.8859649122807017,0.8859649122807018,0.8947368421052632,0.8859649122807017,0.9035087719298245,0.9210526315789475,0.8508771929824561,0.8918128654970761,0.9298245614035088,0.9175438596491228,0.9035087719298246,0.9210526315789473,0.9145891043397967,0.9151315789473684,0.8567251461988303,0.9473684210526316,0.8947368421052633,0.9122807017543858,0.8508771929824561,0.0,0.9473684210526316,0.9232456140350878,0.850877192982456,0.47134502923976607,0.4916666666666667,0.4519736842105263,0.5018849206349206,0.4609178597835586,0.5153476640318746,0.4317738791423002,0.48401559454191045,0.46951754385964917,0.46622050816696914,0.4511904761904762,0.4298245614035088,0.4473684210526315,0.48676648517846344,0.45931639443436173,0.41944444444444445,0.48245614035087714,0.4649122807017544
IGHV3-71,0.5210526315789474,0.5087719298245614,0.5009107468123861,0.47575757575757577,0.5318181818181817,0.4666666666666667,0.5113026819923372,0.5333333333333333,0.5833333333333334,0.5386939571150098,0.5,0.5166666666666667,0.4827586206896552,0.45,0.4589363714663631,0.4341963121624139,0.8596491228070176,0.8508771929824561,0.868421052631579,0.8771929824561404,0.7938596491228069,1.0,0.868421052631579,0.8170426065162907,0.8333333333333333,0.8245614035087718,0.9122807017543859,0.9035087719298245,1.0,0.8362573099415204,0.868421052631579,0.8666666666666668,0.8421052631578947,0.8947368421052632,0.8845798707294553,0.8552631578947368,0.847953216374269,0.9035087719298245,0.8333333333333333,0.847953216374269,0.0,0.8508771929824561,0.8859649122807017,0.861842105263158,0.8245614035087719,0.43859649122807015,0.43859649122807015,0.43859649122807015,0.45628415300546443,0.45529676682126774,0.5062758168569572,0.4561403508771929,0.46101364522417154,0.4473684210526315,0.4578947368421053,0.4461152882205514,0.45614035087719296,0.45614035087719296,0.4995539696699376,0.46115288220551376,0.4277777777777778,0.5333333333333333,0.45614035087719296
IGHV2-26,0.48684210526315785,0.4780701754385964,0.4941024878580633,0.48160462790257613,0.4872270802397844,0.5042347247428918,0.5302040716929671,0.48684210526315785,0.48245614035087714,0.5448175035289373,0.4954627949183303,0.4883040935672514,0.7807017543859649,0.0,0.9035087719298245,0.8032581453634086,0.45564663023679414,0.44999999999999996,0.4688866120218579,0.4501821493624772,0.4556352459016394,0.45,0.43391596045197744,0.4463933167132533,0.4492993125330513,0.45564516129032256,0.44166666666666665,0.43509887005649717,0.45,0.4453449086315295,0.4544398907103825,0.44737288135593223,0.44722222222222224,0.45833333333333337,0.4417932502787591,0.4509335154826958,0.47500000000000003,0.44166666666666665,0.4627732240437158,0.44189068100358425,0.45,0.4309227921734532,0.44999999999999996,0.4374985528387515,0.43166666666666675,0.6609195402298851,0.6724137931034483,0.6637931034482758,0.665948275862069,0.6477112321032467,0.6467701821603817,0.6685823754789273,0.6356456274786583,0.6551724137931034,0.6032441016333939,0.6300665456745312,0.6724137931034483,0.646551724137931,0.5128749292586304,0.5373619650156398,0.5683060109289617,0.47368421052631576,0.5
IGHV3-38,0.5405550514216576,0.5537280701754386,0.4824225314243462,0.43700159489633167,0.5054206201173195,0.4649122807017544,0.5509578544061302,0.5303319209039548,0.5798022598870056,0.5513970110461339,0.4473684210526316,0.4824561403508772,0.49122807017543857,0.43509887005649717,0.46215225476862476,0.41971454058876,0.9298245614035087,0.9035087719298245,0.9166666666666666,0.9473684210526314,0.8464912280701754,0.9035087719298245,0.9342105263157894,0.8872180451127818,0.9035087719298245,0.894736842105263,0.9298245614035088,0.0,0.9035087719298245,0.9035087719298245,0.9385964912280702,0.9263157894736841,0.912280701754386,0.9298245614035088,0.9385964912280701,0.9236842105263157,0.8830409356725145,0.9649122807017543,0.8859649122807017,0.9005847953216373,0.9035087719298245,0.9210526315789475,0.9561403508771928,0.9287280701754386,0.8850877192982457,0.47660818713450287,0.47368421052631576,0.47368421052631576,0.49221491228070174,0.48148148148148134,0.4915993687923512,0.4970272904483431,0.5033625730994152,0.4868421052631579,0.5085087719298246,0.4924812030075188,0.49122807017543857,0.5,0.504160386354548,0.4837074421881706,0.4444444444444445,0.5175438596491229,0.5
IGHV2-5,0.470205686630369,0.4830043859649123,0.4860441780794607,0.5065415155315544,0.4872442666226695,0.4780323653962492,0.5452000096933783,0.47916666666666663,0.519547791893527,0.5569923371647509,0.521551724137931,0.4897030651340996,0.793859649122807,0.9035087719298245,0.0,0.8283208020050125,0.46727003642987247,0.4625,0.48445184426229504,0.46277820024730715,0.486613979333928,0.4644944476914085,0.47116394874550926,0.4590198231059727,0.45260988676191727,0.4555272313959586,0.47544178565133083,0.4621522547686248,0.4644944476914085,0.4732468123861566,0.4818818306010929,0.4704593564001696,0.46897768670309653,0.47595338983050844,0.4598845832742934,0.4742827868852459,0.4997087813620072,0.45816893581550433,0.48152412280701756,0.4592382051788266,0.4644944476914085,0.43971994535519127,0.4700648907103825,0.45977127464134776,0.4621183445127891,0.6542801395169201,0.6657752468547171,0.6582315025582659,0.6746784864704134,0.6470810647307925,0.6451933396221902,0.6697820432632331,0.6310802962826249,0.6485325858480215,0.6040387533708614,0.6293131828695058,0.6657752468547171,0.6399112553446737,0.545053273498705,0.5658097475991096,0.5934887024026368,0.4758771929824561,0.49550060496067755
IGHV5-10-1,0.49714912280701756,0.49499504810413125,0.5,0.5070532915360503,0.4649122807017543,0.48245614035087714,0.5660919540229884,0.4122807017543859,0.47413793103448276,0.5075956173959804,0.5258620689655172,0.4997983464408146,0.5948275862068966,0.5239154616240267,0.575878716310086,0.5562348668280873,0.5229885057471264,0.5,0.4835564766679996,0.5114942528735632,0.5260731066069829,0.5419540229885058,0.5363006526397818,0.5024198427102238,0.5172413793103449,0.49992437991530553,0.49109195402298855,0.5359511981297487,0.5419540229885058,0.5055454728775963,0.5172413793103449,0.5474313267095267,0.4795321637426901,0.5344827586206896,0.5005979450764781,0.5127190503109101,0.5,0.5172413793103449,0.5565882996172771,0.4970760233918128,0.5419540229885058,0.5086206896551724,0.521551724137931,0.5148483560962606,0.5161615245009075,0.5843289802722978,0.576271186440678,0.5750605326876513,0.5857529869408169,0.5966227315165238,0.5728073145052,0.5931024369263918,0.5839958115937554,0.576271186440678,0.5773895526535149,0.5964259365970569,0.5932203389830508,0.5932203389830508,0.0,0.9598997493734335,0.5658815298507462,0.4649122807017544,0.48245614035087714
IGHV3-7,0.5292389529626811,0.5508040935672515,0.5036392691628264,0.44595664010518354,0.5072410584596617,0.4824057269610808,0.5608299344951182,0.5319658701351079,0.5514619883040935,0.5516577679089731,0.46169590643274855,0.5300996605993356,0.44649122807017544,0.43114506696849647,0.4514680968478899,0.3981586045035142,0.9015594541910331,0.9444444444444443,0.8852339181286549,0.9191033138401559,0.9093567251461988,0.847953216374269,0.8669590643274855,0.8654970760233919,0.8801169590643273,0.8706140350877193,0.9064327485380117,0.9005847953216374,0.847953216374269,0.8810916179337231,0.9108187134502924,0.9298245614035089,0.8879142300194931,0.9005847953216374,0.8930440135426284,0.8951754385964911,0.861598440545809,0.9269005847953214,0.9385964912280702,0.0,0.847953216374269,0.912280701754386,0.9298245614035087,0.9060672514619883,0.8687134502923974,0.5020884366559889,0.5039570378745054,0.5044479873280573,0.5219466182636141,0.5075138417933572,0.5357120831179268,0.5134808337742462,0.5202159958814264,0.5184406268663391,0.5233537674261045,0.5164655297881959,0.5020653735632185,0.5241877533031206,0.4788011695906433,0.45196324143692557,0.43333333333333335,0.5217785843920145,0.49415204678362573
IGHV1-8,0.7660818713450293,0.8852339181286549,0.9142300194931775,0.873471557682084,0.9074960127591706,0.8947368421052632,0.7962962962962963,0.8874269005847953,0.7953216374269005,0.8538011695906432,0.8684210526315791,0.0,0.5229885057471263,0.4883040935672514,0.49159356725146197,0.456140350877193,0.5242431113793848,0.5344827586206896,0.5439663023679416,0.5229885057471264,0.5821758035137199,0.5166666666666667,0.5487044613286577,0.5189089881288864,0.514272030651341,0.5258620689655172,0.5086661471524125,0.5040834845735026,0.5166666666666667,0.5468612680477087,0.5254237288135594,0.540243660701834,0.5533152213063298,0.5310734463276836,0.4899149209888645,0.5075372149990578,0.5666970248937462,0.49546279491833034,0.5496427274924175,0.5396614001973729,0.5166666666666667,0.5362600722422896,0.5258620689655172,0.5204672939553835,0.5395653539350544,0.5988684045329897,0.5730994152046783,0.5730994152046783,0.5764198632173655,0.5936806863360536,0.6173500291847006,0.5944372859329744,0.5918068082950628,0.5730994152046783,0.5724105461393598,0.5849369185676054,0.6045197740112994,0.6057587471503617,0.49979834644081467,0.4981130988390517,0.4797211706430815,0.9298245614035087,0.8947368421052632
IGHV3-9,0.5389912280701756,0.5535855263157894,0.5184837486056637,0.44676473053061055,0.5503996380267566,0.46842105263157896,0.5437159709618875,0.49346454058876005,0.6066666666666667,0.5605043289328154,0.5121929824561404,0.50832806058863,0.48771929824561405,0.43166666666666675,0.4621183445127892,0.41702640114926937,0.861988304093567,0.868421052631579,0.8710526315789473,0.8777777777777779,0.8236842105263158,0.8245614035087719,0.8666666666666666,0.8240990407052114,0.8368421052631578,0.8293859649122807,0.8456140350877192,0.8850877192982456,0.8245614035087719,0.8678362573099414,0.9035087719298247,0.8838596491228068,0.8491228070175438,0.8631578947368421,0.8531855955678669,0.8569736842105262,0.8163742690058481,0.8859649122807017,0.8543859649122807,0.8687134502923979,0.8245614035087719,0.8508771929824561,0.8859649122807017,0.8629385964912281,0.0,0.45253411306042884,0.4482873851294903,0.44828738512949046,0.46778717627401833,0.4631239072179538,0.4948867539218416,0.4707105727281166,0.47816021535319775,0.46274018379281534,0.4750545112781955,0.46439193221148106,0.46245614035087723,0.4776315789473684,0.48368169840146835,0.47142388408191715,0.4405555555555555,0.5293859649122808,0.5
IGHV3-30-3,0.5236842105263158,0.5394736842105263,0.4787044755230363,0.4250660182497974,0.48351683008239643,0.4473684210526315,0.551912568306011,0.5123633879781421,0.5573770491803278,0.5541631857421332,0.4692982456140351,0.4779239766081871,0.48245614035087714,0.4492993125330513,0.45260988676191727,0.4135696097247344,0.9152046783625732,0.8771929824561403,0.8903508771929824,0.9210526315789475,0.8201754385964912,0.8333333333333333,0.8629385964912281,0.9711779448621554,0.0,0.9736842105263157,0.8859649122807017,0.9035087719298246,0.8333333333333333,0.8918128654970761,0.9298245614035088,0.8929824561403509,0.8859649122807017,0.9035087719298245,0.894275161588181,0.8980263157894737,0.8450292397660818,0.9298245614035088,0.8596491228070176,0.8801169590643275,0.8333333333333333,0.8947368421052632,0.9298245614035088,0.9035087719298245,0.8368421052631578,0.4795321637426901,0.47368421052631576,0.47368421052631576,0.48464912280701755,0.48732943469785567,0.5222893415875871,0.49122807017543857,0.50682261208577,0.4912280701754386,0.5157894736842106,0.5012531328320803,0.49122807017543857,0.5087719298245614,0.49546279491833034,0.46365914786967405,0.4611111111111112,0.5,0.48245614035087714
IGHV4-28,0.6045197740112994,0.5843121221131926,0.6148274798735697,0.5754872543454167,0.6070337631443786,0.5833085538705521,0.6314814814814815,0.5701754385964913,0.5698830409356725,0.6309187123489829,0.6102562196451581,0.5988684045329897,0.5672514619883041,0.633545069570478,0.6390023190159306,0.5973266499582288,0.4678362573099415,0.48850574712643685,0.4736807296017822,0.4736842105263157,0.5009548611111111,0.43859649122807015,0.48497680984069363,0.482515813342881,0.4795321637426901,0.47076023391812866,0.4444444444444444,0.47660818713450287,0.43859649122807015,0.44639376218323584,0.4444444444444444,0.4758700028760426,0.46810057157960816,0.4619883040935672,0.4650815635580179,0.47543859649122805,0.4970760233918129,0.4619883040935673,0.4782163742690058,0.4654715112005879,0.43859649122807015,0.48601532567049816,0.4707602339181287,0.45435067553942327,0.4525341130604288,0.0,0.9824561403508771,0.9736842105263156,0.9605263157894738,0.9545159194281999,0.9434697855750486,0.9421702404158545,0.9512670565302144,0.9707602339181286,0.9330409356725144,0.9532163742690057,0.9590643274853802,0.9649122807017543,0.5402298850574713,0.5482250478291276,0.576965940027812,0.5861334126276142,0.59956388145505
IGHV1-3,0.7751196172248804,0.8742025518341306,0.9246854510012403,0.857329273597216,0.0,0.9074960127591706,0.7783094098883573,0.8736044657097288,0.8006379585326954,0.8748892433102957,0.8476874003189792,0.9074960127591706,0.5156739811912227,0.48325358851674644,0.473866386184898,0.4563720549447578,0.5130010239810603,0.5387900040734641,0.5187163321672226,0.521507973719669,0.5459247648902821,0.5318181818181817,0.5689629183384759,0.5125356140258661,0.505295414474411,0.5215961451811525,0.5140529848610688,0.5228957342349017,0.5318181818181817,0.5441423495393166,0.5218913037601708,0.5266980332719052,0.5307693347390047,0.5207742005244236,0.49009508482666525,0.5010326250879918,0.53224043715847,0.4985735418723207,0.5167711598746081,0.5338819638064637,0.5318181818181817,0.5168349184421657,0.5242154154047785,0.5193426530635072,0.5601697529692853,0.6070337631443786,0.5964912280701754,0.5964912280701754,0.5996134403806126,0.6009547524420329,0.639123918338905,0.6155128447724345,0.6039261544044836,0.5893141945773525,0.5809366800056303,0.5905287100648384,0.6271186440677966,0.6131024788473497,0.46491228070175433,0.4669667900157918,0.47204081557087424,0.9218500797448168,0.886762360446571
IGHV1-2,0.7797270955165693,0.8810916179337231,0.0,0.8812688286372494,0.9246854510012403,0.9142300194931773,0.7865497076023393,0.881578947368421,0.7738791423001949,0.843188217457223,0.8723196881091618,0.9142300194931775,0.5287356321839081,0.4941024878580633,0.4763480027752999,0.46723365791527993,0.5139309190351466,0.5315280213000846,0.5278814100482716,0.5200554148537785,0.5549412376386185,0.5009107468123861,0.5383769895385908,0.5156990003963781,0.5103136709253352,0.5209120722124813,0.49616858237547895,0.5050430194259596,0.5009107468123861,0.544581452585219,0.5243879472693033,0.5231958785202503,0.5328625235404897,0.5243879472693033,0.4865267015100548,0.4989047761432935,0.5360554543614654,0.49687690474318785,0.5241379310344828,0.5309032291146576,0.5009107468123861,0.5132167673225534,0.522923566465355,0.5120581314320813,0.5430149040805577,0.6148274798735697,0.6023391812865496,0.5974658869395711,0.6046680377969406,0.6157454213059328,0.6386605507281491,0.6176224197237181,0.6119727338564175,0.5974658869395711,0.5941812381300677,0.6066599953354388,0.6296296296296297,0.6249215317011927,0.5024030382469584,0.506073613151653,0.46666666666666673,0.9473684210526314,0.8966861598440546
IGHV3-64D,0.5415910465819721,0.5226608187134503,0.5360554543614653,0.47402090246118844,0.53224043715847,0.5190058479532164,0.5278599543579758,0.5513888888888888,0.5222222222222223,0.5758782667737365,0.4678362573099415,0.5666970248937463,0.4766081871345029,0.47500000000000003,0.49970878136200714,0.41798317667220325,0.8791423001949317,0.8567251461988303,0.8450292397660819,0.8888888888888888,0.8084795321637426,0.847953216374269,0.8296783625730993,0.8287385129490393,0.8450292397660819,0.8362573099415206,0.847953216374269,0.8830409356725147,0.847953216374269,0.8518518518518519,0.8771929824561404,0.8619883040935671,0.8596491228070176,0.8654970760233919,0.897199138196368,0.8609649122807017,0.0,0.9093567251461989,0.8391812865497075,0.861598440545809,0.847953216374269,0.8567251461988303,0.8918128654970761,0.8654970760233919,0.8163742690058481,0.4970760233918128,0.4853801169590643,0.4853801169590642,0.4989741302408564,0.5085408067433558,0.5165244623398204,0.5035737491877842,0.5259909031838857,0.5029239766081871,0.5366233111514418,0.5147639212974967,0.5029239766081871,0.52046783625731,0.4780701754385965,0.4436090225563909,0.4722222222222222,0.5722222222222223,0.4678362573099415
IGHV1-67,0.6578947368421053,0.7675438596491228,0.7738791423001949,0.7416267942583731,0.8006379585326954,0.7543859649122807,0.7397660818713451,0.7938596491228072,0.0,0.7933723196881092,0.7543859649122807,0.7953216374269005,0.5,0.48245614035087714,0.5087719298245614,0.44110275689223055,0.5499999999999999,0.5552631578947369,0.5725409836065574,0.5619639013081635,0.5442460317460318,0.5833333333333334,0.5647375854891465,0.5559142782796179,0.5573770491803278,0.5473360655737705,0.5573770491803278,0.5798022598870056,0.5833333333333334,0.5721450402889692,0.5784153005464481,0.5785875706214689,0.5444444444444445,0.5833333333333334,0.5649122807017545,0.5333333333333334,0.5222222222222223,0.575,0.5773809523809523,0.5514619883040935,0.5833333333333334,0.5583333333333333,0.5666666666666667,0.5563218390804597,0.6066666666666667,0.5698830409356725,0.5833333333333334,0.5460526315789473,0.5669540229885057,0.5349196746655912,0.5403508771929824,0.5185185185185186,0.5486177915739666,0.5372807017543859,0.5544111302847282,0.5263671473766383,0.5263157894736842,0.5087719298245614,0.4298245614035088,0.43989283553711866,0.48888888888888893,0.7894736842105263,0.7543859649122807
IGHV4-34,0.5988171936432418,0.591459345161397,0.6162336684985115,0.5730796330630223,0.6001267507065903,0.5991305252108692,0.612527828374823,0.580896686159844,0.5349196746655912,0.6196337778952508,0.5834902699309479,0.5936806863360535,0.5750487329434697,0.6362841970827452,0.6427833232506555,0.586245306753474,0.47498375568551005,0.5052760504993405,0.4757750858628051,0.47953216374269,0.5013242528281086,0.45529676682126774,0.48529011456040116,0.4910086061715135,0.48732943469785567,0.47855750487329424,0.454469507101086,0.48148148148148134,0.45529676682126774,0.46188396949705246,0.4618621328775742,0.4790429061137298,0.48336137631734677,0.47553441041398226,0.4789702204413251,0.4839181286549708,0.5037235272739287,0.4727095516569201,0.49812552927172216,0.48580143760175476,0.45529676682126774,0.485536398467433,0.47563352826510713,0.46296882759516184,0.4631239072179538,0.9545159194282,0.9590643274853802,0.9502923976608185,0.9385964912280702,0.0,0.9131470651938488,0.9172622915312973,0.9426034221355858,0.95906432748538,0.9316764132553604,0.9537733221943746,0.9278752436647173,0.9610136452241714,0.5599936143039591,0.5603974812899489,0.5995246209418604,0.5933830574553144,0.588591535335514
IGHV1-45,0.7807017543859649,0.8793859649122806,0.9142300194931773,0.8452950558213714,0.9074960127591706,0.0,0.763157894736842,0.8640350877192983,0.7543859649122807,0.8187134502923976,0.8333333333333333,0.8947368421052632,0.4827586206896552,0.48245614035087714,0.4671052631578947,0.4536340852130326,0.48850574712643685,0.5172413793103449,0.4827586206896552,0.5057471264367815,0.4913793103448276,0.4666666666666667,0.5258620689655172,0.4928417487684729,0.4913793103448276,0.5086206896551724,0.4827586206896552,0.4866908650937689,0.4666666666666667,0.519774011299435,0.5084745762711864,0.496551724137931,0.4971751412429379,0.5084745762711864,0.4617123571178399,0.4795081967213115,0.5388888888888889,0.4780701754385965,0.4827586206896552,0.5114942528735632,0.4666666666666667,0.4913793103448276,0.5086206896551724,0.49685276409414336,0.5120689655172415,0.5833085538705521,0.5614035087719298,0.5614035087719298,0.5648230746357419,0.5991305252108692,0.6047510489972576,0.584200614530677,0.5802639838768296,0.5614035087719298,0.5676033303597977,0.5783101822352491,0.5932203389830508,0.5942610764198633,0.48245614035087714,0.4899317258663901,0.4519071310116087,0.9122807017543859,0.9298245614035088
IGHV1-46,0.665204678362573,0.7665481952006452,0.7865497076023392,0.7660818713450293,0.7783094098883573,0.763157894736842,0.0,0.7602339181286549,0.7397660818713451,0.7560103963612735,0.7573099415204679,0.7962962962962963,0.6373465809468147,0.5512249172024158,0.5487482258283972,0.5804025297445918,0.5295338441890166,0.5814176245210728,0.5467006786154945,0.531992337164751,0.6039187819495858,0.5113026819923372,0.5642600574712643,0.5452771272443404,0.551912568306011,0.5347752182651844,0.5456896551724139,0.5509578544061303,0.5113026819923372,0.576647834274953,0.5777777777777776,0.5578735632183908,0.5865513054037644,0.5668582375478927,0.5394077601937441,0.5350542559841599,0.5278599543579758,0.537883141762452,0.5686781609195403,0.5608299344951181,0.5113026819923372,0.5384578544061303,0.5299329501915709,0.5389755422430028,0.5494731800766283,0.6336672738312082,0.6305555555555555,0.6222222222222221,0.625,0.6125278283748229,0.6271604938271605,0.6198694596235579,0.6081157660392633,0.6138888888888888,0.5857513661202186,0.6049310434556336,0.6305555555555555,0.6138888888888888,0.5517745513208309,0.55775213896811,0.4964125380792047,0.7997076023391813,0.7690058479532164
IGHV1-69,0.7212475633528265,0.8121345029239766,0.8431882174572234,0.7994372032484554,0.8748892433102958,0.8187134502923976,0.7560103963612735,0.8060428849902536,0.7933723196881092,0.0,0.7992202729044835,0.8538011695906433,0.5555555555555556,0.5233918128654971,0.5248075888956107,0.4848049084459783,0.5536231804588064,0.5789697743720733,0.5511995986133919,0.5634799002615095,0.5765677156343471,0.5386939571150098,0.6145485186628281,0.5607387750758029,0.5588852399197227,0.5575045232013622,0.5613026819923371,0.5723353722748763,0.5386939571150098,0.5800506182803734,0.5748901443816697,0.5791601289302438,0.5632318419496957,0.5740083101665022,0.5362410628698308,0.5526664642784862,0.5758782667737365,0.5458773050122113,0.5702821869488537,0.5772908612854739,0.5386939571150098,0.5652363062711424,0.5693273733503619,0.5529640272456364,0.5864106306635042,0.6309187123489829,0.6179337231968811,0.6179337231968811,0.6233108666204116,0.6196337778952508,0.6579039144209131,0.6455101448956142,0.627147094562101,0.611111111111111,0.6036671952952061,0.6186747471314819,0.6572504708097928,0.6345359632603165,0.47366740606305036,0.4803099703281192,0.4981481481481482,0.8499025341130605,0.8167641325536062
IGHV3-74,0.509470298818537,0.535361842105263,0.4840263099302904,0.44172896459974653,0.4985849398148684,0.46399583729438537,0.5389755422430028,0.5182772505033075,0.5563218390804597,0.5345123514805531,0.4484126984126984,0.49658201782265277,0.48684210526315785,0.4374985528387515,0.4534210625332085,0.40528833032280337,0.9254385964912281,0.9057017543859649,0.9046052631578947,0.9437134502923975,0.8530701754385965,0.861842105263158,0.8933662280701755,0.8862781954887218,0.9035087719298245,0.8930921052631579,0.9078947368421053,0.9287280701754386,0.861842105263158,0.8983918128654972,0.9342105263157895,0.9184210526315789,0.9137426900584796,0.9254385964912282,0.916089566020314,0.9194078947368421,0.8654970760233919,0.9517543859649122,0.888157894736842,0.9060672514619883,0.861842105263158,0.9232456140350878,0.9517543859649122,0.0,0.8629385964912281,0.46353851582980443,0.4562537810042347,0.4562537810042347,0.46684248336358136,0.46971581959623737,0.5004431075929363,0.47541086912684005,0.48342659810445654,0.4693360556563823,0.49666704476709017,0.48276402212427627,0.473722020568663,0.48680429522081065,0.5014560070544567,0.47229064039408863,0.42361111111111116,0.5083542188805347,0.48464912280701755
IGHV4-38-2,0.6054613935969867,0.5933772755806656,0.6386605507281491,0.6021259277280687,0.6391239183389049,0.6047510489972576,0.6271604938271605,0.5662768031189083,0.5403508771929824,0.6579039144209131,0.6227847160273565,0.6173500291847005,0.5696881091617934,0.6101364522417154,0.6138208308126639,0.5934280144806462,0.4884092948420433,0.5350549196030401,0.5202111180729602,0.4907144404220427,0.5383859678130511,0.5062758168569572,0.49288927630982077,0.522373903827538,0.5222893415875872,0.51772165456376,0.4896029246906439,0.4915993687923512,0.5062758168569572,0.4810290815174096,0.5037082110547022,0.5093565691703453,0.4924961712731707,0.5012200935483718,0.4951478744992591,0.4932287631094073,0.5273431757901128,0.488072031931681,0.5374549619723261,0.5219924601696783,0.5062758168569572,0.529090354090354,0.4828274389677898,0.49884248246690277,0.4948867539218416,0.9434697855750487,0.9493177387914229,0.9405458089668615,0.9293372319688109,0.9131470651938488,0.0,0.9352393329001515,0.9183452458306257,0.9317738791423,0.8935672514619881,0.9122807017543857,0.9571150097465887,0.9317738791423,0.533397190293742,0.5361999383113636,0.5584415457234071,0.6151419037235273,0.5915022962302178
IGHV4-31,0.5889830508474576,0.5758512706737622,0.6046680377969406,0.560241126699646,0.5996134403806125,0.5648230746357419,0.625,0.5592105263157894,0.5561403508771929,0.6233108666204116,0.5986749182277729,0.5764198632173656,0.5589080459770115,0.6505973986690865,0.6684938850267106,0.606678333765448,0.47309941520467835,0.5079847371396269,0.47638872572055135,0.4722953216374268,0.5037109375,0.45628415300546443,0.49889311101028433,0.4910639694474281,0.48464912280701755,0.47598684210526315,0.45614035087719296,0.49221491228070174,0.45628415300546443,0.454312865497076,0.44999999999999996,0.47921196433707225,0.47008375458420054,0.45614035087719296,0.48204062788550317,0.4836622807017544,0.49897413024085635,0.47489035087719295,0.49122807017543857,0.48655094340187904,0.45628415300546443,0.5018849206349206,0.47598684210526315,0.4559484649122807,0.46778717627401833,0.9605263157894738,0.9780701754385964,0.9692982456140351,0.0,0.93859649122807,0.9293372319688109,0.9342105263157894,0.935672514619883,0.9605263157894737,0.919298245614035,0.9354636591478697,0.9473684210526315,0.9429824561403508,0.5444683908045977,0.554550630533836,0.5847222222222221,0.5735206660719596,0.5648230746357419
IGHV3-66,0.5190789473684211,0.5449561403508772,0.4741219810354511,0.4282296650717703,0.482734571405401,0.45614035087719296,0.5378831417624521,0.5229166666666667,0.575,0.5316439246263809,0.4385964912280702,0.47368421052631576,0.48245614035087714,0.44166666666666665,0.4497133706731402,0.4024342601432728,0.956140350877193,0.9298245614035088,0.9342105263157895,0.9736842105263158,0.8728070175438597,0.9035087719298245,0.9144736842105263,0.9135338345864661,0.9298245614035088,0.9210526315789473,0.9385964912280702,0.9649122807017543,0.9035087719298245,0.9269005847953217,0.9649122807017543,0.9421052631578947,0.9385964912280702,0.956140350877193,0.9626038781163434,0.9493421052631579,0.9093567251461988,0.0,0.9122807017543859,0.9269005847953214,0.9035087719298245,0.9473684210526316,0.9824561403508771,0.9517543859649122,0.8859649122807017,0.4619883040935672,0.45614035087719296,0.45614035087719296,0.47489035087719295,0.4727095516569201,0.4880720319316809,0.4804580896686159,0.49166666666666664,0.47368421052631576,0.4992982456140351,0.4837092731829573,0.47368421052631576,0.49122807017543857,0.49546279491833034,0.46240601503759393,0.43611111111111106,0.5087719298245614,0.49122807017543857
IGHV1-24,0.7440191387559808,0.8335326953748008,0.8812688286372494,0.0,0.8573292735972161,0.8452950558213714,0.7660818713450293,0.834928229665072,0.7416267942583731,0.7990430622009567,0.940988835725678,0.873471557682084,0.5052843175363093,0.4637438397012668,0.4782416601069027,0.4759100221529866,0.43521421107628006,0.47654127481713676,0.4550426484183289,0.4348750664540138,0.505121768031604,0.47575757575757577,0.4735151292546936,0.44185467827808816,0.42506601824979734,0.43880960237584543,0.4452978056426333,0.43900896441731285,0.47575757575757577,0.44497607655502386,0.42902711323763953,0.4542105263157895,0.44653261826672574,0.4290271132376395,0.4387542609449884,0.44906790075038555,0.47804480757402273,0.4302370345927514,0.46851022540677717,0.4728453090083716,0.47575757575757577,0.47544772537826163,0.4377990430622009,0.44239635276713474,0.4821796785589889,0.5780629202604657,0.5636583622064566,0.5636583622064566,0.5640538470931594,0.5819737771658778,0.605389950029896,0.5804894951131379,0.567428325727566,0.561733487323324,0.552783991286329,0.564123900953702,0.5908644878760847,0.5905036087908523,0.4672633778804377,0.47477235408269886,0.43370104127095455,0.8883572567783093,0.8771929824561404
IGHV4/OR15-8,0.6144067796610169,0.602345376152245,0.6249215317011928,0.5905036087908523,0.6131024788473496,0.5942610764198633,0.6138888888888889,0.5789473684210527,0.5087719298245614,0.6345359632603166,0.6116562592922986,0.6057587471503618,0.5789473684210527,0.6156231094978827,0.6194419237749547,0.5827067669172933,0.49707602339181295,0.5172413793103449,0.48464912280701755,0.5029239766081872,0.5102864583333333,0.45614035087719296,0.5032138535995161,0.5094283327366034,0.5087719298245614,0.5,0.45614035087719296,0.5,0.45614035087719296,0.47076023391812866,0.47368421052631576,0.4912280701754386,0.4966795519873129,0.49122807017543857,0.491089566020314,0.5039473684210527,0.5204678362573099,0.49122807017543857,0.5039473684210526,0.48794052603955945,0.45614035087719296,0.4913793103448276,0.5,0.4758771929824561,0.4776315789473684,0.9649122807017543,0.9649122807017544,0.956140350877193,0.9429824561403508,0.9610136452241714,0.9317738791423003,0.935672514619883,0.9590643274853802,0.9736842105263158,0.9368421052631579,0.9624060150375942,0.9473684210526316,0.0,0.5517241379310345,0.5573343532092425,0.6041776837652036,0.6028843294677372,0.5942610764198633
IGHV4-39,0.5839032609773019,0.588115769650114,0.6181106669162968,0.5784236957742757,0.6155128447724344,0.584200614530677,0.6198694596235581,0.547270955165692,0.5185185185185186,0.6455101448956142,0.6086455545643771,0.5944372859329744,0.5785776702292128,0.6345533373664046,0.6466892928795787,0.607202873083091,0.4808317089018843,0.5111173921236103,0.4806975482688202,0.48148148148148145,0.5066083511396011,0.4610472541507024,0.4971163541036499,0.4946234634204561,0.49122807017543857,0.4824561403508771,0.442495126705653,0.4970272904483431,0.4610472541507024,0.45743989603638724,0.45711500974658864,0.48235867446393754,0.48022378608165106,0.47563352826510713,0.48345131835436544,0.48874269005847953,0.5035737491877842,0.4804580896686159,0.49593993664717345,0.4807006611308839,0.4610472541507024,0.4633997989866109,0.48440545808966856,0.46503411306042886,0.4707105727281166,0.9421702404158543,0.9473684210526314,0.939571150097466,0.9342105263157896,0.9172622915312971,0.9352393329001515,0.0,0.9209443361490144,0.9346978557504872,0.8987329434697854,0.9161793372319686,0.9746588693957116,0.935672514619883,0.5563537675606641,0.5611577644193304,0.5921825933107443,0.5915956322066938,0.584200614530677
IGHV4-55,0.597457627118644,0.575657894736842,0.5974658869395711,0.5598086124401913,0.5893141945773525,0.5614035087719298,0.6138888888888889,0.5701754385964912,0.5372807017543859,0.611111111111111,0.5969298245614035,0.5730994152046783,0.5614035087719298,0.6346037507562008,0.6435647307924985,0.5914786967418546,0.4795321637426901,0.5,0.48344298245614037,0.48538011695906436,0.512109375,0.4473684210526315,0.49555732002419844,0.49451008473564856,0.49122807017543857,0.48245614035087714,0.4649122807017544,0.4868421052631579,0.4473684210526315,0.45906432748538006,0.45614035087719296,0.48403796376186364,0.4795321637426901,0.47368421052631576,0.47613111726685137,0.4868421052631579,0.5029239766081871,0.47368421052631576,0.4951754385964912,0.48209257282318513,0.4473684210526315,0.49152298850574716,0.4824561403508772,0.4583333333333333,0.46274018379281534,0.9707602339181286,0.9824561403508771,0.9736842105263157,0.9605263157894737,0.95906432748538,0.9317738791423003,0.9346978557504872,0.95906432748538,0.0,0.9377192982456141,0.9598997493734338,0.9473684210526316,0.9736842105263158,0.5344827586206896,0.5447430155109121,0.5887287737234855,0.5701754385964912,0.5614035087719298
IGHV4-30-4,0.568539994052929,0.5723684210526316,0.5974658869395711,0.5598086124401913,0.5964912280701753,0.5614035087719298,0.6222222222222222,0.5614035087719298,0.5460526315789473,0.6179337231968811,0.5881578947368421,0.5730994152046783,0.5614035087719298,0.6433000604960677,0.6532819116757411,0.6002506265664159,0.4619883040935673,0.4827586206896552,0.4702850877192982,0.46491228070175433,0.5154947916666667,0.43859649122807015,0.4857078039927405,0.47607113020646846,0.47368421052631576,0.4649122807017544,0.45614035087719296,0.47368421052631576,0.43859649122807015,0.4444444444444444,0.43859649122807015,0.4682484900776531,0.44464268014669445,0.45614035087719296,0.45637119113573393,0.46557017543859647,0.48538011695906436,0.45614035087719296,0.48588267543859653,0.47150283709615565,0.43859649122807015,0.4742816091954023,0.46491228070175433,0.4451754385964912,0.44828738512949035,0.9736842105263156,0.9912280701754386,0.0,0.9692982456140351,0.9502923976608186,0.9405458089668617,0.939571150097466,0.9483430799220272,0.9736842105263157,0.9307017543859649,0.9486215538847118,0.956140350877193,0.956140350877193,0.5339265850945494,0.5442552334370523,0.5722222222222221,0.5701754385964912,0.5614035087719298
IGHV3-20,0.5087719298245615,0.543859649122807,0.48136033744121753,0.4348750664540138,0.4871151298894385,0.4619883040935672,0.5319923371647509,0.5080409356725146,0.5619639013081635,0.5334447229184072,0.44152046783625737,0.47953216374269,0.4678362573099415,0.4501821493624773,0.45513751383181494,0.40659358437076293,0.9473684210526314,0.9239766081871346,0.9254385964912281,0.0,0.8654970760233919,0.8771929824561404,0.9057017543859649,0.9047619047619048,0.9210526315789473,0.912280701754386,0.9298245614035089,0.9473684210526314,0.8771929824561404,0.9181286549707602,0.956140350877193,0.9333333333333332,0.9317738791423003,0.9473684210526315,0.9375192366882117,0.9407894736842105,0.8888888888888888,0.9736842105263158,0.9035087719298245,0.919103313840156,0.8771929824561404,0.9385964912280701,0.9736842105263158,0.9437134502923975,0.8777777777777778,0.4736842105263158,0.4678362573099415,0.46491228070175444,0.4722953216374268,0.4795321637426899,0.48664872056684916,0.48148148148148145,0.4996751137102014,0.48538011695906436,0.5043859649122807,0.4945697577276524,0.4795321637426901,0.5029239766081872,0.48966525509175235,0.4578111946532999,0.4388888888888889,0.5146198830409356,0.49707602339181284
IGHV3-21,0.5551530748861979,0.5694192377495464,0.5554193797151211,0.5038115345492395,0.5466692789968652,0.4913793103448276,0.6039187819495858,0.5725580601092897,0.5166666666666666,0.5780596756006592,0.5104166666666666,0.5821758035137199,0.4956140350877193,0.45563524590163934,0.4846951196848053,0.43859487297743965,0.8464912280701755,0.8903508771929824,0.8399122807017543,0.8654970760233919,0.0,0.7938596491228069,0.8135964912280702,0.8063909774436091,0.8201754385964912,0.8179824561403508,0.8552631578947368,0.8464912280701754,0.7938596491228069,0.827485380116959,0.8552631578947368,0.8850877192982456,0.8581871345029238,0.8464912280701754,0.8400277008310251,0.8424342105263158,0.8084795321637426,0.8728070175438596,0.9473684210526315,0.9093567251461989,0.7938596491228069,0.8552631578947368,0.8728070175438596,0.8530701754385965,0.8236842105263158,0.5249530396174863,0.5281121926229508,0.5257748463114754,0.5344998719262295,0.5278010207953855,0.5406704244007865,0.5295496838657698,0.5403687395191834,0.5427446209016393,0.5457887672363321,0.5441763026932085,0.5258709016393442,0.5460105020491803,0.5051229508196722,0.48949536078749717,0.44192708333333336,0.560827680422084,0.521551724137931
IGHV3-22,0.5210526315789474,0.5087719298245614,0.5009107468123861,0.47575757575757577,0.5318181818181817,0.4666666666666667,0.5113026819923372,0.5333333333333333,0.5833333333333334,0.5386939571150098,0.5,0.5166666666666667,0.4827586206896552,0.45,0.4589363714663631,0.4341963121624139,0.8596491228070176,0.8508771929824561,0.868421052631579,0.8771929824561404,0.7938596491228069,0.0,0.868421052631579,0.8170426065162907,0.8333333333333333,0.8245614035087718,0.9122807017543859,0.9035087719298245,1.0,0.8362573099415204,0.868421052631579,0.8666666666666668,0.8421052631578947,0.8947368421052632,0.8845798707294553,0.8552631578947368,0.847953216374269,0.9035087719298245,0.8333333333333333,0.847953216374269,1.0,0.8508771929824561,0.8859649122807017,0.861842105263158,0.8245614035087719,0.43859649122807015,0.43859649122807015,0.43859649122807015,0.45628415300546443,0.45529676682126774,0.5062758168569572,0.4561403508771929,0.46101364522417154,0.4473684210526315,0.4578947368421053,0.4461152882205514,0.45614035087719296,0.45614035087719296,0.4995539696699376,0.46115288220551376,0.4277777777777778,0.5333333333333333,0.45614035087719296
IGHV3-23,0.5489120961374798,0.5786086801603658,0.5084144891255998,0.47301672415102547,0.5381102150777471,0.50412129461585,0.565118473602182,0.5268795115711546,0.5698223312518584,0.5768972571318333,0.48320153832858004,0.5129562411776568,0.4910793933987511,0.4391598939520237,0.47869276620614276,0.4270503558808372,0.8903508771929824,0.868421052631579,0.8848684210526316,0.9057017543859649,0.8135964912280702,0.868421052631579,0.0,0.8486842105263158,0.862938596491228,0.8558114035087718,0.9057017543859649,0.9342105263157895,0.868421052631579,0.8669590643274855,0.8969298245614035,0.8956140350877193,0.8764619883040936,0.8903508771929824,0.8827331486611265,0.8830592105263158,0.8296783625730993,0.9144736842105263,0.8508771929824561,0.8669590643274855,0.868421052631579,0.8859649122807017,0.9144736842105263,0.8933662280701755,0.8666666666666666,0.4849768098406937,0.48570780399274044,0.48570780399274044,0.4988931110102843,0.48469355611447784,0.4940865943174835,0.5019224305975667,0.5074183604248922,0.4955573200241984,0.5095839004839686,0.4955713637542131,0.4988278886872353,0.503213853599516,0.5074508213110216,0.49718466241582915,0.444489247311828,0.5404189352692075,0.5216651542649728
IGHV3-64,0.5104651998849583,0.5275740580960598,0.4795124255349718,0.44906790075038555,0.4832137833127071,0.45757837215990793,0.5350542559841599,0.5093579234972678,0.5333333333333334,0.5385339106722484,0.45757837215990793,0.485859457386636,0.4789473684210526,0.44637978142076506,0.46432808455565144,0.4064827895716593,0.9236842105263158,0.8980263157894737,0.9023026315789473,0.9407894736842105,0.8424342105263158,0.8552631578947368,0.8830592105263158,0.8821428571428571,0.8980263157894737,0.8894736842105263,0.906578947368421,0.9236842105263157,0.8552631578947368,0.8951754385964912,0.9322368421052631,0.9099999999999999,0.9065789473684212,0.9407894736842105,0.9146814404432131,0.0,0.8609649122807017,0.9493421052631579,0.8809210526315789,0.8951754385964912,0.8552631578947368,0.9151315789473684,0.9493421052631579,0.919407894736842,0.8569736842105262,0.47543859649122805,0.4697368421052631,0.46557017543859647,0.4836622807017543,0.4839181286549708,0.4906193354999797,0.48874269005847953,0.5011208576998051,0.4868421052631579,0.5057894736842106,0.49304511278195484,0.48684210526315785,0.5039473684210527,0.48106473079249845,0.4544486215538847,0.42500000000000004,0.4915156744319816,0.4745470232959448
IGHV3-43,0.518421052631579,0.5992541381702844,0.5445814525852191,0.4436469962785752,0.5466248011743106,0.519774011299435,0.5766478342749529,0.5379708097928436,0.5721450402889692,0.5800506182803734,0.4619883040935672,0.5468612680477087,0.4998991732204073,0.4453449086315295,0.47806275339326637,0.42420817477318695,0.9064327485380116,0.8859649122807017,0.8815789473684211,0.9181286549707602,0.827485380116959,0.8362573099415204,0.8669590643274853,0.8763575605680869,0.891812865497076,0.8903508771929824,0.8947368421052632,0.9035087719298245,0.8362573099415204,0.0,0.9473684210526315,0.8947368421052632,0.8888888888888888,0.9005847953216374,0.8922745460141582,0.8951754385964912,0.8518518518518519,0.9269005847953217,0.8596491228070176,0.8810916179337231,0.8362573099415204,0.8918128654970761,0.9327485380116959,0.8983918128654972,0.8678362573099415,0.44639376218323584,0.4444444444444444,0.4444444444444444,0.454312865497076,0.4597162855634784,0.48453176182930047,0.45743989603638724,0.4766081871345029,0.45906432748538006,0.4817201048598508,0.46741854636591473,0.4561403508771929,0.47076023391812866,0.4766081871345029,0.468671679197995,0.4277777777777778,0.5787193973634652,0.5536723163841808
IGHV2-10,0.4814814814814815,0.5129310344827587,0.4853801169590643,0.4617224880382775,0.4720893141945774,0.4827586206896552,0.610413013832067,0.4605263157894737,0.5,0.5126705653021443,0.47368421052631576,0.4795321637426901,0.0,0.7807017543859649,0.793859649122807,0.8145363408521303,0.4795321637426901,0.4473684210526315,0.49999999999999994,0.4678362573099415,0.4956140350877193,0.4827586206896552,0.48037658802177857,0.4761515858612047,0.48245614035087714,0.4780701754385965,0.46551724137931033,0.49122807017543857,0.4827586206896552,0.4998991732204073,0.49122807017543857,0.46877192982456134,0.49415204678362573,0.47368421052631576,0.4897506925207756,0.4789473684210526,0.4766081871345029,0.48245614035087714,0.4649122807017544,0.44225650332728367,0.4827586206896552,0.47383288730300327,0.46960072595281305,0.48684210526315785,0.48771929824561405,0.5672514619883041,0.5614035087719298,0.5614035087719298,0.5694948578342408,0.5750487329434697,0.5696881091617934,0.5785776702292128,0.5730994152046783,0.5614035087719298,0.5845583787053841,0.5839598997493735,0.5789473684210527,0.5789473684210527,0.5526315789473684,0.5607187167216698,0.5357012750455373,0.4649122807017544,0.5
IGHV3-41,0.5210526315789474,0.5087719298245614,0.5009107468123861,0.47575757575757577,0.5318181818181817,0.4666666666666667,0.5113026819923372,0.5333333333333333,0.5833333333333334,0.5386939571150098,0.5,0.5166666666666667,0.4827586206896552,0.45,0.4589363714663631,0.4341963121624139,0.8596491228070176,0.8508771929824561,0.868421052631579,0.8771929824561404,0.7938596491228069,1.0,0.868421052631579,0.8170426065162907,0.8333333333333333,0.8245614035087718,0.9122807017543859,0.9035087719298245,0.0,0.8362573099415204,0.868421052631579,0.8666666666666668,0.8421052631578947,0.8947368421052632,0.8845798707294553,0.8552631578947368,0.847953216374269,0.9035087719298245,0.8333333333333333,0.847953216374269,1.0,0.8508771929824561,0.8859649122807017,0.861842105263158,0.8245614035087719,0.43859649122807015,0.43859649122807015,0.43859649122807015,0.45628415300546443,0.45529676682126774,0.5062758168569572,0.4561403508771929,0.46101364522417154,0.4473684210526315,0.4578947368421053,0.4461152882205514,0.45614035087719296,0.45614035087719296,0.4995539696699376,0.46115288220551376,0.4277777777777778,0.5333333333333333,0.45614035087719296
IGHV4-80,0.5932203389830508,0.5981266726137378,0.6296296296296297,0.587192171491904,0.6271186440677966,0.5932203389830508,0.6305555555555555,0.5526315789473684,0.5263157894736842,0.6572504708097928,0.6186440677966102,0.6045197740112994,0.5789473684210527,0.631578947368421,0.6301043557168784,0.6090225563909774,0.4795321637426901,0.5,0.4859237938596491,0.4795321637426901,0.515625,0.45614035087719296,0.4934210526315789,0.4931376059195608,0.49122807017543857,0.48245614035087714,0.43859649122807015,0.49122807017543857,0.45614035087719296,0.4561403508771929,0.45614035087719296,0.47719298245614034,0.4795321637426901,0.47368421052631576,0.4727608494921514,0.48684210526315785,0.5029239766081871,0.47368421052631576,0.5024671052631579,0.4654148391812865,0.45614035087719296,0.4916666666666667,0.48245614035087714,0.462719298245614,0.46245614035087723,0.9590643274853802,0.9649122807017544,0.956140350877193,0.9473684210526315,0.9278752436647173,0.9571150097465887,0.9746588693957116,0.9337231968810915,0.9473684210526316,0.9114035087719298,0.9273182957393483,0.0,0.9473684210526316,0.5517241379310345,0.5527260582783668,0.5888888888888889,0.6016949152542372,0.5932203389830508
IGHV1-69-2,0.7280701754385965,0.8333333333333333,0.8723196881091619,0.9409888357256778,0.8476874003189792,0.8333333333333333,0.7573099415204677,0.8245614035087718,0.7543859649122807,0.7992202729044835,0.0,0.8684210526315791,0.5172413793103449,0.47368421052631576,0.4889216575922565,0.4649987036556909,0.4502923976608187,0.48275862068965514,0.4916666666666667,0.44152046783625726,0.5206625683060109,0.5,0.4832015383285801,0.46842516126381534,0.4692982456140351,0.4473684210526315,0.4666666666666667,0.4473684210526315,0.5,0.4619883040935672,0.4385964912280702,0.4722807017543859,0.46754865305339854,0.43859649122807015,0.44119145413442856,0.45757837215990793,0.4678362573099415,0.4385964912280702,0.4833333333333334,0.49118773946360156,0.5,0.4479631281593815,0.4473684210526315,0.4484126984126984,0.5166091954022989,0.6102562196451581,0.606140350877193,0.5881578947368421,0.5986749182277729,0.5927663336534726,0.6227847160273565,0.6086455545643771,0.5957243179381664,0.5969298245614035,0.563987959744481,0.5821524149356441,0.6186440677966102,0.6116562592922985,0.48245614035087714,0.48621553884711777,0.43611111111111117,0.8771929824561403,0.8508771929824561
IGHV4-61,0.5892697846310693,0.588452062359288,0.6059926180800399,0.5641239009537019,0.5905287100648386,0.5783101822352491,0.6049310434556335,0.575187969924812,0.5263671473766383,0.6186747471314822,0.5821524149356442,0.5849369185676055,0.5839598997493735,0.6242113905453287,0.6360567366692594,0.5936701359309605,0.48955722639933164,0.4924595972690347,0.4831140350877193,0.4945697577276524,0.5062176766198283,0.46495549217872273,0.4955713637542131,0.5009462431589177,0.5012531328320803,0.4924812030075188,0.46616541353383456,0.4924812030075189,0.46495549217872273,0.46741854636591473,0.4661654135338346,0.4816549570647931,0.4893306713110458,0.4837092731829574,0.4824297586070439,0.4930451127819548,0.4962406015037595,0.48370927318295726,0.4976190476190476,0.4801102738322141,0.46495549217872273,0.48895730706075524,0.4924812030075189,0.47180451127819556,0.4652691251939372,0.9532163742690059,0.9573934837092731,0.9486215538847117,0.9354636591478698,0.9537733221943746,0.9122807017543857,0.9161793372319685,0.9479253689780003,0.9598997493734338,0.943358395989975,0.0,0.9273182957393483,0.9624060150375942,0.5611247947454844,0.5654144175091604,0.5874926488736265,0.5820271016524362,0.5783101822352491
IGHV3-53,0.5259307813814583,0.5405582354252236,0.47862506599355625,0.43128104975974263,0.487435718211811,0.45706371191135736,0.5394077601937441,0.5282894736842104,0.5649122807017545,0.5352149482285189,0.43767313019390575,0.48749811748774985,0.4920431750883561,0.4429077167728632,0.4601560097914059,0.42716818661366807,0.9193598030163127,0.8928901200369344,0.8995844875346258,0.9375192366882117,0.8400277008310251,0.8845798707294553,0.8827331486611265,0.8806226091544651,0.894275161588181,0.8866574330563248,0.9030470914127422,0.9385964912280699,0.8845798707294553,0.8922745460141582,0.928439519852262,0.9061865189289009,0.9055093875038472,0.9196675900277008,0.0,0.9146814404432131,0.897199138196368,0.9626038781163434,0.8767313019390582,0.8930440135426284,0.8845798707294553,0.9145891043397967,0.945983379501385,0.916089566020314,0.8531855955678668,0.4629116651277316,0.45706371191135736,0.4547553093259464,0.48123268698060934,0.47777256104877114,0.49243677710385564,0.48345131835436544,0.49235128889483715,0.4745152354570637,0.4966988912112328,0.4819680780899617,0.4727608494921514,0.49108956602031395,0.48787785082997254,0.45786880995592427,0.44943391441763236,0.5063711911357341,0.48845798707294547
IGHV4-59,0.5606898602438299,0.5993736990782039,0.5902221065847292,0.5499129565052848,0.5807483172492093,0.5676033303597977,0.5857513661202185,0.5642543859649123,0.5544111302847282,0.6036671952952061,0.5618781593815045,0.5724105461393598,0.5845583787053841,0.6127344222625529,0.6224257449219192,0.5820305073027396,0.5038011695906434,0.5040227405710432,0.4861033442982456,0.5043859649122807,0.5202407776185682,0.4886116152450091,0.5087728750756201,0.5084258264709393,0.5157894736842106,0.5070175438596491,0.4798245614035087,0.5085087719298246,0.4886116152450091,0.4809941520467836,0.4807017543859649,0.4968420655936053,0.5032510655168995,0.49824561403508766,0.49679210291562986,0.5057894736842105,0.5086438798144788,0.4992982456140352,0.5125439123352474,0.49742537179504454,0.4886116152450091,0.4977684513006654,0.5070175438596491,0.4882070477918935,0.4750545112781955,0.9330409356725143,0.9394736842105263,0.930701754385965,0.919298245614035,0.9316764132553605,0.8935672514619881,0.8987329434697854,0.9345029239766081,0.9377192982456141,0.0,0.9433583959899747,0.9114035087719298,0.9368421052631579,0.5377790765634132,0.5423150486255011,0.5839945636653727,0.5680344930121916,0.5619238774903359
IGHV3-43D,0.5087719298245614,0.5871989295272079,0.5243879472693032,0.42902711323763953,0.5256663422809721,0.5084745762711864,0.5777777777777776,0.5169491525423728,0.5784153005464481,0.5771500313873195,0.4385964912280702,0.5392184557438795,0.49122807017543857,0.45443989071038254,0.47887636612021856,0.4080413636550393,0.9444444444444445,0.912280701754386,0.9210526315789473,0.956140350877193,0.8552631578947368,0.868421052631579,0.8969298245614035,0.9135338345864661,0.9298245614035088,0.9210526315789473,0.9210526315789473,0.9385964912280702,0.868421052631579,0.9473684210526315,0.0,0.9315789473684211,0.9210526315789473,0.9385964912280702,0.928439519852262,0.9322368421052631,0.8771929824561403,0.9649122807017543,0.8947368421052633,0.9108187134502924,0.868421052631579,0.9298245614035088,0.9649122807017543,0.9342105263157894,0.9035087719298245,0.4444444444444444,0.43859649122807015,0.43859649122807015,0.44999999999999996,0.4561739598037238,0.5122812545235791,0.45711500974658864,0.47660818713450287,0.45614035087719296,0.4817831215970962,0.4661654135338346,0.45614035087719296,0.47368421052631576,0.47368421052631576,0.4636591478696741,0.43611111111111106,0.559322033898305,0.5423728813559322
IGHV3-49,0.5164606431332569,0.5761596788581623,0.5236137267210713,0.46913429493897757,0.5307693347390046,0.4971751412429379,0.5865513054037644,0.5402777777777777,0.5444444444444445,0.5647193950765931,0.48461317227494966,0.5487326726559847,0.49415204678362573,0.44722222222222224,0.46130045058000196,0.4195448939809844,0.9181286549707602,0.8859649122807017,0.8903508771929823,0.9317738791423,0.8581871345029239,0.8421052631578947,0.8764619883040936,0.869674185463659,0.8859649122807017,0.8888888888888888,0.8947368421052632,0.912280701754386,0.8421052631578947,0.8888888888888888,0.9210526315789473,0.8982456140350876,0.0,0.912280701754386,0.9055093875038471,0.906578947368421,0.8596491228070176,0.9385964912280702,0.8771929824561403,0.8879142300194931,0.8421052631578947,0.9035087719298245,0.9385964912280702,0.9137426900584794,0.8491228070175436,0.46810057157960816,0.4623847754980672,0.44464268014669445,0.47008375458420054,0.4833613763173468,0.48846187484600684,0.4802237860816511,0.4998630584880177,0.4795321637426901,0.5032510655168996,0.48933067131104596,0.4795321637426901,0.4966795519873129,0.5012603347449082,0.46950710108604843,0.4277777777777778,0.5480225988700564,0.5310734463276837
IGHV1-58,0.7171052631578947,0.8525219298245614,0.881578947368421,0.834928229665072,0.8736044657097289,0.8640350877192983,0.7602339181286549,0.0,0.7938596491228072,0.8060428849902534,0.8245614035087718,0.8874269005847952,0.4605263157894737,0.48684210526315785,0.47916666666666663,0.4793233082706766,0.5402777777777777,0.5398706896551725,0.5406968390804598,0.5080409356725146,0.5725580601092897,0.5333333333333333,0.5417700514985594,0.5167642466822796,0.5123633879781422,0.5212090163934426,0.5458333333333333,0.5303319209039549,0.5333333333333333,0.5414077212806028,0.5221045197740113,0.544000584453536,0.5402777777777777,0.5399717514124294,0.5282894736842104,0.5093579234972678,0.5513888888888888,0.5229166666666667,0.5625,0.5403055051421658,0.5333333333333333,0.5375000000000001,0.49956140350877193,0.5190713078803566,0.49346454058876005,0.5701754385964913,0.5701754385964912,0.5614035087719298,0.5592105263157894,0.5843836122874234,0.5662768031189085,0.547270955165692,0.574174900853667,0.5701754385964912,0.5642543859649123,0.575187969924812,0.5526315789473684,0.5789473684210527,0.4122807017543859,0.41416040100250634,0.46388888888888896,0.8991228070175439,0.8640350877192983
IGHV2-70,0.46294798949448435,0.46351330913490624,0.47115873976128053,0.4480492933779816,0.46320732493792255,0.4598997493734336,0.5773967687025946,0.47932330827067654,0.44741163252959987,0.49981038898357627,0.45242416385792056,0.46240601503759404,0.8145363408521303,0.8032581453634083,0.8283208020050126,0.0,0.39769860957037406,0.3825814536340852,0.4479256465517241,0.4077255125518715,0.43859487297743954,0.4341963121624139,0.42790864654358746,0.4100547539129666,0.4135696097247343,0.3996944894656509,0.42607048124289504,0.41971454058876,0.4341963121624139,0.4253661242917922,0.4080413636550393,0.40316673970234723,0.4225524127779766,0.4358353510895884,0.4270164915866268,0.40648278957165923,0.4090575968074221,0.40413215241493555,0.4198950766747377,0.39677871800566034,0.4341963121624139,0.42388758782201413,0.4114158346686388,0.4065617495265505,0.41638255014244197,0.5973266499582288,0.6090225563909774,0.6180537550773485,0.606678333765448,0.5922228944007529,0.5934280144806463,0.6072028730830912,0.6016282670439983,0.5914786967418546,0.6006450960832824,0.6098127091126833,0.6090225563909774,0.5827067669172933,0.5562348668280873,0.5723462293100549,0.5525565064735571,0.4536556909515167,0.47740039754558816
IGHV7-81,0.7456140350877193,0.9144736842105263,0.8966861598440546,0.8771929824561404,0.886762360446571,0.9298245614035088,0.7690058479532164,0.8640350877192983,0.7543859649122807,0.8167641325536062,0.8508771929824561,0.8947368421052632,0.5,0.5,0.4846491228070175,0.4774436090225564,0.5229885057471265,0.5517241379310345,0.5233781414377557,0.5402298850574713,0.521551724137931,0.45614035087719296,0.5538793103448276,0.5197044334975369,0.5258620689655172,0.5431034482758621,0.5,0.5214761040532365,0.45614035087719296,0.5536723163841808,0.5423728813559322,0.5275862068965517,0.5310734463276837,0.5254237288135594,0.49304295220810646,0.4963256076879593,0.5277777777777778,0.5128554143980641,0.5172413793103449,0.5443697642704072,0.45614035087719296,0.5086206896551724,0.5431034482758621,0.5280172413793104,0.5431034482758621,0.6267614780180532,0.603448275862069,0.603448275862069,0.6064655172413793,0.6113721037094337,0.6273751542307942,0.620350888585839,0.6170920544482166,0.603448275862069,0.5933257713248639,0.6139054532883934,0.6333333333333333,0.6350574712643677,0.48245614035087714,0.4887218045112781,0.46631944444444445,0.9298245614035088,0.0
IGHV4-30-2,0.5932203389830508,0.5723684210526316,0.6023391812865496,0.5598086124401914,0.5964912280701754,0.5614035087719298,0.6305555555555555,0.5701754385964912,0.5833333333333334,0.6179337231968811,0.606140350877193,0.5730994152046783,0.5614035087719298,0.6519963702359346,0.6608439201451906,0.6090225563909774,0.4619883040935672,0.4827586206896552,0.47785087719298247,0.4678362573099415,0.5075520833333333,0.43859649122807015,0.48570780399274044,0.47833870390261374,0.47368421052631576,0.4649122807017544,0.45614035087719296,0.47368421052631576,0.43859649122807015,0.4444444444444444,0.43859649122807015,0.4768478573482887,0.4623847754980672,0.45614035087719296,0.4602954755309326,0.4697368421052631,0.4853801169590643,0.45614035087719296,0.4780701754385965,0.46735691688236985,0.43859649122807015,0.4916666666666667,0.4649122807017544,0.4451754385964912,0.4482873851294903,0.9824561403508771,0.0,0.9912280701754386,0.9780701754385964,0.9590643274853802,0.9493177387914229,0.9473684210526314,0.9571150097465887,0.9824561403508771,0.9394736842105263,0.9573934837092731,0.9649122807017544,0.9649122807017544,0.5344827586206896,0.5447430155109121,0.5722222222222222,0.5701754385964912,0.5614035087719298
